certificate_number,certificate_type,entity,certificate_name,utility_type,certificate_status,cpcn_url,entity_url
1,CPCN,AEL&P,ALASKA ELECTRIC LIGHT & POWER COMPANY,Electric,Active,https://rca.alaska.gov/RCAWeb/Certificate/CertificateDetails.aspx?id=b6af3116-79a7-434f-96fd-48b1c750af3a,https://rca.alaska.gov/RCAWeb/Entity/EntityDetails.aspx?id=02b1b98e-49f3-4e78-93f4-3ef564c514cf
2,CPCN,APC,ALASKA POWER COMPANY,Electric,Active,https://rca.alaska.gov/RCAWeb/Certificate/CertificateDetails.aspx?id=cc6ffe3b-0db7-4ac6-b612-9689998db0b4,https://rca.alaska.gov/RCAWeb/Entity/EntityDetails.aspx?id=3305e515-e2ad-4d56-8753-8104886ef137
5,CPCN,ALPC,"ANIAK LIGHT AND POWER COMPANY, INC.",Electric,Active,https://rca.alaska.gov/RCAWeb/Certificate/CertificateDetails.aspx?id=44e51ed0-e1fe-4c7a-9ec2-82724f36fa79,https://rca.alaska.gov/RCAWeb/Entity/EntityDetails.aspx?id=fe4f1895-4147-4b0a-8efd-f0b890ac7a85
7,CPCN,CTP,CHISTOCHINA TRADING POST (TRANSFERRED TO AP&T),Electric,Inactive,https://rca.alaska.gov/RCAWeb/Certificate/CertificateDetails.aspx?id=f76464f9-9ed7-4405-9ce1-4dac0ce86b35,https://rca.alaska.gov/RCAWeb/Entity/EntityDetails.aspx?id=e16f88c3-b108-4660-bd12-d4ae1967ac7c
8,CPCN,Chugach,"Chugach Electric Association, Inc.",Electric,Active,https://rca.alaska.gov/RCAWeb/Certificate/CertificateDetails.aspx?id=7eefd8ff-1630-4ed0-80f6-59e1aed8e391,https://rca.alaska.gov/RCAWeb/Entity/EntityDetails.aspx?id=144ae49f-cb3a-4bdb-8801-196399b280d0
10,CPCN,CVEA,"Copper Valley Electric Association, Inc.",Electric,Active,https://rca.alaska.gov/RCAWeb/Certificate/CertificateDetails.aspx?id=313d44e4-de30-4602-a5e5-dd16e3dba177,https://rca.alaska.gov/RCAWeb/Entity/EntityDetails.aspx?id=d95563df-a0f6-4902-b22d-2206440862b2
12,CPCN,GHEA,"GLACIER HIGHWAY ELECTRIC ASSOCIATION, INC.",Electric,Inactive,https://rca.alaska.gov/RCAWeb/Certificate/CertificateDetails.aspx?id=6e68fa88-1996-4ba7-9f6f-4b24ebc8217d,https://rca.alaska.gov/RCAWeb/Entity/EntityDetails.aspx?id=a289b407-c81b-4d80-b4d2-1f3fca36e913
13,CPCN,GVEA,"Golden Valley Electric Association, Inc.",Electric,Active,https://rca.alaska.gov/RCAWeb/Certificate/CertificateDetails.aspx?id=6a907960-cadb-4d83-831d-4ed494e7cf66,https://rca.alaska.gov/RCAWeb/Entity/EntityDetails.aspx?id=3b14fa01-7a7a-4da5-802a-4bc2a4cf7c64
14,CPCN,HL&P,"HAINES LIGHT & POWER CO., INC.",Electric,Inactive,https://rca.alaska.gov/RCAWeb/Certificate/CertificateDetails.aspx?id=0b1bba3f-e471-4e51-8103-4eb725664c3a,https://rca.alaska.gov/RCAWeb/Entity/EntityDetails.aspx?id=d7a7c036-f913-4212-b26c-29ff0a697376
16,CPCN,KEA,"KODIAK ELECTRIC ASSOCIATION, INC.",Electric,Active,https://rca.alaska.gov/RCAWeb/Certificate/CertificateDetails.aspx?id=cffad89c-cd41-458f-93ec-d478c2428184,https://rca.alaska.gov/RCAWeb/Entity/EntityDetails.aspx?id=cb7c0595-ef5a-4a29-831e-da4cee2617dd
17,CPCN,KOTZEBUE,"Kotzebue Electric Association, Inc.",Electric,Active,https://rca.alaska.gov/RCAWeb/Certificate/CertificateDetails.aspx?id=a2255e26-17e0-47b3-a1ff-2c43ad24fbdf,https://rca.alaska.gov/RCAWeb/Entity/EntityDetails.aspx?id=64a0d32a-ae25-4c3e-a1e0-6a43bc5824ce
18,CPCN,MEA,"Matanuska Electric Association, Inc.",Electric,Active,https://rca.alaska.gov/RCAWeb/Certificate/CertificateDetails.aspx?id=6020eaa0-26db-48c5-a050-f319bf1ab24e,https://rca.alaska.gov/RCAWeb/Entity/EntityDetails.aspx?id=e100a9af-2c14-4233-aebc-e59d764f31d4
18.1,CPCN,MEA,UNALAKLEET\MEA,Electric,Inactive,https://rca.alaska.gov/RCAWeb/Certificate/CertificateDetails.aspx?id=054d21bd-74de-4264-9a41-d121b7f3b9f8,https://rca.alaska.gov/RCAWeb/Entity/EntityDetails.aspx?id=e100a9af-2c14-4233-aebc-e59d764f31d4
22,CPCN,NEA,"Naknek Electric Association, Inc.",Electric,Active,https://rca.alaska.gov/RCAWeb/Certificate/CertificateDetails.aspx?id=597c90db-076b-4637-ae54-0b98e8e49aa5,https://rca.alaska.gov/RCAWeb/Entity/EntityDetails.aspx?id=c530c7db-4450-4256-871c-6b554d007d1b
24,CPCN,Pelican,City of Pelican,Electric,Active,https://rca.alaska.gov/RCAWeb/Certificate/CertificateDetails.aspx?id=4a427477-92c5-4e7d-82ef-411cbfb0be51,https://rca.alaska.gov/RCAWeb/Entity/EntityDetails.aspx?id=0a4867e0-71bb-41b1-9109-95b9f2202850
29,CPCN,VLPT,"VALDEZ LIGHT, POWER AND TELEPHONE COMPANY",Electric,Inactive,https://rca.alaska.gov/RCAWeb/Certificate/CertificateDetails.aspx?id=c8bf1a74-91d8-4870-82b4-f7b6c794f5a0,https://rca.alaska.gov/RCAWeb/Entity/EntityDetails.aspx?id=d76000cb-19a8-4023-8bca-93247f8b0469
32,CPCN,HEA,"Homer Electric Association, Inc.",Electric,Active,https://rca.alaska.gov/RCAWeb/Certificate/CertificateDetails.aspx?id=fa9d9acf-b67c-4629-b614-3a88d409bdeb,https://rca.alaska.gov/RCAWeb/Entity/EntityDetails.aspx?id=883fd287-5437-45c3-ac93-6611db2d87b0
36,CPCN,CPC,"Chitina Power Co., Inc.",Electric,Inactive,https://rca.alaska.gov/RCAWeb/Certificate/CertificateDetails.aspx?id=0af9b8a3-2c41-457d-bd8b-94cf4731a91c,https://rca.alaska.gov/RCAWeb/Entity/EntityDetails.aspx?id=0a21b422-dec0-4556-b20e-6619ac1a92a3
39,CPCN,KEA,"KODIAK ELECTRIC ASSOCIATION, INC.",Electric,Inactive,https://rca.alaska.gov/RCAWeb/Certificate/CertificateDetails.aspx?id=08bf9dbb-8c28-4cea-a3ba-c8d3b322241c,https://rca.alaska.gov/RCAWeb/Entity/EntityDetails.aspx?id=cb7c0595-ef5a-4a29-831e-da4cee2617dd
42,CPCN,NPLI,"NORTHWAY POWER & LIGHT, INC.",Electric,Inactive,https://rca.alaska.gov/RCAWeb/Certificate/CertificateDetails.aspx?id=c4a2ae55-bbf4-4c91-afeb-5f4f5d18a27e,https://rca.alaska.gov/RCAWeb/Entity/EntityDetails.aspx?id=aa7b9be2-f978-4b1e-a803-5ea8b27a71e0
43,CPCN,BUCI,"BETHEL UTILITIES CORPORATION, INC.",Electric,Inactive,https://rca.alaska.gov/RCAWeb/Certificate/CertificateDetails.aspx?id=54523470-c13e-468d-83a2-6bc2afad8386,https://rca.alaska.gov/RCAWeb/Entity/EntityDetails.aspx?id=15b372bb-9262-47ee-9ea5-25120f03d116
44,CPCN,MLPC,McGrath Light & Power Company,Electric,Active,https://rca.alaska.gov/RCAWeb/Certificate/CertificateDetails.aspx?id=1d8176b6-ae92-46d5-ae69-3cc02f7fdc65,https://rca.alaska.gov/RCAWeb/Entity/EntityDetails.aspx?id=d06d37f6-22a7-4c99-a978-93b0431a0d42
45,CPCN,,"Nushagak Electric & Telephone Cooperative, Inc. (Electric)",Electric,Active,https://rca.alaska.gov/RCAWeb/Certificate/CertificateDetails.aspx?id=e4d83421-c4cd-4c03-8d8d-59df13e1a0a6,
53,CPCN,City of Yakutat,City of Yakutat - Electric,Electric,Inactive,https://rca.alaska.gov/RCAWeb/Certificate/CertificateDetails.aspx?id=e50318a9-de7d-4c77-804d-d98a011cfea9,https://rca.alaska.gov/RCAWeb/Entity/EntityDetails.aspx?id=b49ea5fa-24c8-4e48-990c-719e7132d835
56,CPCN,JHI,"JUNEAU HYDROELECTRIC, INC.",Electric,Inactive,https://rca.alaska.gov/RCAWeb/Certificate/CertificateDetails.aspx?id=9bb7e59e-732d-4212-a726-b89b59afe93b,https://rca.alaska.gov/RCAWeb/Entity/EntityDetails.aspx?id=a3cb66ef-a46e-4a8b-b1ae-8c128e865a3b
59,CPCN,SEMLOH,"Weldon S. Holmes, d/b/a Semloh Supply",Electric,Active,https://rca.alaska.gov/RCAWeb/Certificate/CertificateDetails.aspx?id=9bfd456c-949f-47cf-8056-e0f0399dc1ae,https://rca.alaska.gov/RCAWeb/Entity/EntityDetails.aspx?id=f44a6447-1b7f-47fc-a6d0-a152d17fbb62
61,CPCN,TELLER,"Teller Power Company, Inc.",Electric,Inactive,https://rca.alaska.gov/RCAWeb/Certificate/CertificateDetails.aspx?id=46a235fc-a7a7-4db3-bd8a-798ef4b6d085,https://rca.alaska.gov/RCAWeb/Entity/EntityDetails.aspx?id=5d9b8ec4-ef61-4fee-8d20-48a0f6cfd875
63,CPCN,GZUC,Gwitchyaa Zhee Utility Company,Electric,Active,https://rca.alaska.gov/RCAWeb/Certificate/CertificateDetails.aspx?id=4cdb4eba-4346-4adf-96f2-0f6953b4cc84,https://rca.alaska.gov/RCAWeb/Entity/EntityDetails.aspx?id=256cb0b6-486f-478b-a0ed-4e38e57645c8
69,CPCN,ALBRIGHT,EGEGIK ENTERPRISES; DONALD ALBRIGHT D/B/A,Electric,Inactive,https://rca.alaska.gov/RCAWeb/Certificate/CertificateDetails.aspx?id=bdf574cf-0506-41ee-93f5-dc59ad639184,https://rca.alaska.gov/RCAWeb/Entity/EntityDetails.aspx?id=21bd2603-6dcd-4a7d-b019-87da2c771381
70,CPCN,DOT LAKE,"DOT LAKE ELECTRIC, INC.",Electric,Inactive,https://rca.alaska.gov/RCAWeb/Certificate/CertificateDetails.aspx?id=b032bcdc-d3d6-4d49-883e-e4bb2ab0a078,https://rca.alaska.gov/RCAWeb/Entity/EntityDetails.aspx?id=2d6d8c46-a7de-4a33-9331-55af82999060
71,CPCN,WEISNER,Weisner Trading Co.,Electric,Active,https://rca.alaska.gov/RCAWeb/Certificate/CertificateDetails.aspx?id=059210d3-b374-4daa-a408-023b4893b24f,https://rca.alaska.gov/RCAWeb/Entity/EntityDetails.aspx?id=f5ab68e8-1c32-41cb-9575-b484359de84b
72,CPCN,TMG,"TDX Manley Generating, LLC",Electric,Active,https://rca.alaska.gov/RCAWeb/Certificate/CertificateDetails.aspx?id=59d16085-29d7-4742-b30d-0c54d73f5c1d,https://rca.alaska.gov/RCAWeb/Entity/EntityDetails.aspx?id=159f52fe-4f04-4f9f-bdab-1ad43941394f
73,CPCN,MRS. JAMES,ESTHER JAMES,Electric,Inactive,https://rca.alaska.gov/RCAWeb/Certificate/CertificateDetails.aspx?id=019b3cbb-7815-48b2-ae25-72274fe049bf,https://rca.alaska.gov/RCAWeb/Entity/EntityDetails.aspx?id=812fab1b-4b4c-4151-9cbb-d5736c82e79d
74,CPCN,CCU,William A. Strack d/b/a Circle City Utilities,Electric,Inactive,https://rca.alaska.gov/RCAWeb/Certificate/CertificateDetails.aspx?id=8ba0d054-759d-4eb4-8295-3b596a4f32ff,https://rca.alaska.gov/RCAWeb/Entity/EntityDetails.aspx?id=25f36736-c426-4d18-930c-26c5c588f02f
75,CPCN,CPCI,"CHATANIKA POWER CO., INC.",Electric,Inactive,https://rca.alaska.gov/RCAWeb/Certificate/CertificateDetails.aspx?id=171bbb87-9b18-4cf4-8214-e2f7c410027a,https://rca.alaska.gov/RCAWeb/Entity/EntityDetails.aspx?id=d46d3183-b622-4f58-ab21-1bac952343d1
78,CPCN,TELLER,Teller Power Company,Electric,Inactive,https://rca.alaska.gov/RCAWeb/Certificate/CertificateDetails.aspx?id=bdf26078-f82e-4244-b552-d2e6ddc9552f,https://rca.alaska.gov/RCAWeb/Entity/EntityDetails.aspx?id=5d9b8ec4-ef61-4fee-8d20-48a0f6cfd875
79,CPCN,CUL,"CONSOLIDATED UTILITIES, LTD",Electric,Inactive,https://rca.alaska.gov/RCAWeb/Certificate/CertificateDetails.aspx?id=627c1ce3-83ce-4f98-9dc3-581eb74b8619,https://rca.alaska.gov/RCAWeb/Entity/EntityDetails.aspx?id=1966ba76-a4c5-4e6d-94b5-ff1f0e7b6428
80,CPCN,CUL,"CONSOLIDATED UTILITIES, LTD",Electric,Inactive,https://rca.alaska.gov/RCAWeb/Certificate/CertificateDetails.aspx?id=f7354d4f-08bc-4702-b17c-352bc3d1e46c,https://rca.alaska.gov/RCAWeb/Entity/EntityDetails.aspx?id=1966ba76-a4c5-4e6d-94b5-ff1f0e7b6428
81,CPCN,CUL,"CONSOLIDATED UTILITIES, LTD",Electric,Inactive,https://rca.alaska.gov/RCAWeb/Certificate/CertificateDetails.aspx?id=728293df-5329-4470-884a-f9a4493e5991,https://rca.alaska.gov/RCAWeb/Entity/EntityDetails.aspx?id=1966ba76-a4c5-4e6d-94b5-ff1f0e7b6428
88,CPCN,G&K,"G & K, Inc.",Electric,Active,https://rca.alaska.gov/RCAWeb/Certificate/CertificateDetails.aspx?id=22648b7d-28cd-475b-9072-b9280d05c5c9,https://rca.alaska.gov/RCAWeb/Entity/EntityDetails.aspx?id=73132fce-d44f-465d-a331-6e051e4b6d21
91,CPCN,PAXSON,"Paxson Lodge, Inc.",Electric,Active,https://rca.alaska.gov/RCAWeb/Certificate/CertificateDetails.aspx?id=7dfa4302-b46b-488c-9cd1-2dd4e047ca2c,https://rca.alaska.gov/RCAWeb/Entity/EntityDetails.aspx?id=987a7175-66a0-4c4d-8ee8-a54214dbc7c4
92,CPCN,TPC,"TANANA POWER COMPANY, INC.",Electric,Active,https://rca.alaska.gov/RCAWeb/Certificate/CertificateDetails.aspx?id=f68bcf16-233a-442e-bd83-36ce5cb75fbd,https://rca.alaska.gov/RCAWeb/Entity/EntityDetails.aspx?id=43a557d5-3144-4a8c-8a1c-943863b8d303
96,CPCN,BL&P,"Bettles Light & Power, Inc.",Electric,Inactive,https://rca.alaska.gov/RCAWeb/Certificate/CertificateDetails.aspx?id=f149002f-6310-45f8-b386-26e1fbd26ec7,https://rca.alaska.gov/RCAWeb/Entity/EntityDetails.aspx?id=9098b0db-11f7-4494-a9f1-2580b8f5cdce
100,CPCN,SITKA,City and Borough of Sitka,Electric,Active,https://rca.alaska.gov/RCAWeb/Certificate/CertificateDetails.aspx?id=b43e313e-09c6-408f-a364-d0aa5a1a8afb,https://rca.alaska.gov/RCAWeb/Entity/EntityDetails.aspx?id=d26bcf97-54e8-439c-93c2-82d8e20aa3ba
103,CPCN,KETCHIKAN,City of Ketchikan,Electric,Active,https://rca.alaska.gov/RCAWeb/Certificate/CertificateDetails.aspx?id=b16fed35-77ce-48ce-acff-9014d29294e3,https://rca.alaska.gov/RCAWeb/Entity/EntityDetails.aspx?id=9e075c04-8b99-4fed-8cba-0a4147223e05
106,CPCN,UNALASKA,City of Unalaska,Electric,Active,https://rca.alaska.gov/RCAWeb/Certificate/CertificateDetails.aspx?id=f5177ab5-48b7-4d7a-9cd0-5e02502378cf,https://rca.alaska.gov/RCAWeb/Entity/EntityDetails.aspx?id=a7de7e92-da39-468c-be4f-5fce6c463e81
108,CPCN,SEWARD,The City of Seward,Electric,Active,https://rca.alaska.gov/RCAWeb/Certificate/CertificateDetails.aspx?id=d581788c-3cb2-4c23-b877-9b1de2e1430d,https://rca.alaska.gov/RCAWeb/Entity/EntityDetails.aspx?id=47ead6d7-a9b8-4c9f-8809-4e8297fe5de3
111,CPCN,WRANGELL,City of Wrangell,Electric,Active,https://rca.alaska.gov/RCAWeb/Certificate/CertificateDetails.aspx?id=e7168686-489a-4da5-9a23-2f7a886cd6b1,https://rca.alaska.gov/RCAWeb/Entity/EntityDetails.aspx?id=1a396198-c8c8-48d5-bce9-fe7cf6f93fdf
116,CPCN,FMUS,FAIRBANKS MUNICIPAL UTILITIES,Electric,Inactive,https://rca.alaska.gov/RCAWeb/Certificate/CertificateDetails.aspx?id=17b8df60-4d97-4dd9-89c8-38f2ececd66d,https://rca.alaska.gov/RCAWeb/Entity/EntityDetails.aspx?id=daacc1af-0df1-4910-ad63-8aaac6b65d46
121,CPCN,Chugach,"Chugach Electric Association, Inc.",Electric,Inactive,https://rca.alaska.gov/RCAWeb/Certificate/CertificateDetails.aspx?id=a0a834a5-e290-4bb6-b902-628a303deea3,https://rca.alaska.gov/RCAWeb/Entity/EntityDetails.aspx?id=144ae49f-cb3a-4bdb-8801-196399b280d0
123,CPCN,KCL,CITY OF KENAI D/B/A KENAI CITY LIGHT,Electric,Inactive,https://rca.alaska.gov/RCAWeb/Certificate/CertificateDetails.aspx?id=7854fa34-9791-4688-9d4a-908aab48a17e,https://rca.alaska.gov/RCAWeb/Entity/EntityDetails.aspx?id=ea15d313-a291-4bd3-aa20-827b16cc67e2
150,CPCN,NOME,Nome Joint Utility System,Electric,Active,https://rca.alaska.gov/RCAWeb/Certificate/CertificateDetails.aspx?id=4149b067-cf0e-410f-bacd-9882cd7d74db,https://rca.alaska.gov/RCAWeb/Entity/EntityDetails.aspx?id=75ed77b3-98e1-4521-9be2-2a15cee6cb34
153,CPCN,HOONAH,City of Hoonah,Electric,Inactive,https://rca.alaska.gov/RCAWeb/Certificate/CertificateDetails.aspx?id=e4427f15-6bad-427d-b3f3-1dd045a7bb5d,https://rca.alaska.gov/RCAWeb/Entity/EntityDetails.aspx?id=31993c41-5c32-4c76-a66c-92cc057d4be2
160,CPCN,CECI,"Cordova Electric Cooperative, Inc.",Electric,Active,https://rca.alaska.gov/RCAWeb/Certificate/CertificateDetails.aspx?id=d6fb49f2-2e0c-4f8a-aaed-8aa2dd3002b6,https://rca.alaska.gov/RCAWeb/Entity/EntityDetails.aspx?id=650480cc-6284-4371-a05f-727023a49f0f
169,CPCN,AVEC,"Alaska Village Electric Cooperative, Inc.",Electric,Active,https://rca.alaska.gov/RCAWeb/Certificate/CertificateDetails.aspx?id=15bc0a40-2e44-49d7-b074-97b41b4d716b,https://rca.alaska.gov/RCAWeb/Entity/EntityDetails.aspx?id=0dcc494c-120b-4bfe-9ba8-25005ecc4d2a
175,CPCN,KAKE,City of Kake,Electric,Inactive,https://rca.alaska.gov/RCAWeb/Certificate/CertificateDetails.aspx?id=57098e96-98f8-40d5-a509-fbf73aa5bfec,https://rca.alaska.gov/RCAWeb/Entity/EntityDetails.aspx?id=cfe7541e-20e8-43ca-96e5-8eaa7643ef27
177,CPCN,KLAWOCK,City of Klawock,Electric,Inactive,https://rca.alaska.gov/RCAWeb/Certificate/CertificateDetails.aspx?id=996160d2-3a68-40b3-bb55-9472a29d656e,https://rca.alaska.gov/RCAWeb/Entity/EntityDetails.aspx?id=89401237-6b53-47b5-b071-56c4bfeba475
188,CPCN,City and Borough of Yakutat,City of Yakutat,Electric,Inactive,https://rca.alaska.gov/RCAWeb/Certificate/CertificateDetails.aspx?id=d8e6452a-54d8-4c0f-9617-9c8f15ebde28,https://rca.alaska.gov/RCAWeb/Entity/EntityDetails.aspx?id=0d7cb1b9-fee6-4223-aef9-933ff6299c6d
212,CPCN,PETERSBURG,"PETERSBURG, CITY OF",Electric,Active,https://rca.alaska.gov/RCAWeb/Certificate/CertificateDetails.aspx?id=cbc5a412-97eb-4474-8e74-9df850b6b082,https://rca.alaska.gov/RCAWeb/Entity/EntityDetails.aspx?id=23b6ec93-da56-4fca-a3d2-7bcacaa62e82
214,CPCN,BUECI,"Barrow Utilities and Electric Cooperative, Inc.",Electric,Active,https://rca.alaska.gov/RCAWeb/Certificate/CertificateDetails.aspx?id=6e48be1b-ba4a-436a-a99d-a5c4f6502c8e,https://rca.alaska.gov/RCAWeb/Entity/EntityDetails.aspx?id=7b171b4a-3315-49dd-b7b6-2fa7cef3ebff
227,CPCN,TNSG,"TDX NORTH SLOPE GENERATING, LLC",Electric,Active,https://rca.alaska.gov/RCAWeb/Certificate/CertificateDetails.aspx?id=49885b33-2e41-4807-9678-a7b17714f313,https://rca.alaska.gov/RCAWeb/Entity/EntityDetails.aspx?id=266e8529-2504-4922-9dee-7eb41e029cf9
230,CPCN,SPG,"SAND POINT GENERATING, LLC",Electric,Active,https://rca.alaska.gov/RCAWeb/Certificate/CertificateDetails.aspx?id=7e1e4b1e-0f5e-4b24-8fd7-5a6bf94e9c8a,https://rca.alaska.gov/RCAWeb/Entity/EntityDetails.aspx?id=fb3818b0-02f3-48d3-9d8c-7278c6dea180
240,CPCN,IPEC,"INSIDE PASSAGE ELECTRIC COOPERATIVE, INC.",Electric,Active,https://rca.alaska.gov/RCAWeb/Certificate/CertificateDetails.aspx?id=5c6fa3ae-3f26-499e-b798-072a57205aab,https://rca.alaska.gov/RCAWeb/Entity/EntityDetails.aspx?id=8750667e-452c-44a6-becf-8b07933a7cfc
242,CPCN,UMNAK,The Native Village of Nikolski d/b/a Umnak Power Company,Electric,Active,https://rca.alaska.gov/RCAWeb/Certificate/CertificateDetails.aspx?id=7e6ec830-d8a4-47b4-8793-3cf0b14c7305,https://rca.alaska.gov/RCAWeb/Entity/EntityDetails.aspx?id=3e37f63b-bcf6-48b4-9fb8-7a94d808d189
254,CPCN,NSB,North Slope Borough d/b/a North Slope Borough Power and Light System,Electric,Active,https://rca.alaska.gov/RCAWeb/Certificate/CertificateDetails.aspx?id=c35479e1-68e6-41be-af34-16dd31a78ccd,https://rca.alaska.gov/RCAWeb/Entity/EntityDetails.aspx?id=13c37a78-4325-4385-980b-b98be18c1d51
256,CPCN,CE,"Circle Electric, LLC",Electric,Active,https://rca.alaska.gov/RCAWeb/Certificate/CertificateDetails.aspx?id=146e2c3e-d2bc-47ea-9f3b-54006e3cb661,https://rca.alaska.gov/RCAWeb/Entity/EntityDetails.aspx?id=7f2655e9-3889-4b50-a0f7-f79a7cb4eaae
264,CPCN,MANLEY,"MANLEY UTILITY COMPANY, INC.",Electric,Inactive,https://rca.alaska.gov/RCAWeb/Certificate/CertificateDetails.aspx?id=42b7ad71-3373-4b26-a77c-fcb8c5e609e0,https://rca.alaska.gov/RCAWeb/Entity/EntityDetails.aspx?id=1ec6f1e5-9993-417a-8142-ec53d4f0496f
274,CPCN,GALENA,City of Galena - Electric,Electric,Active,https://rca.alaska.gov/RCAWeb/Certificate/CertificateDetails.aspx?id=b259efa8-9554-4cf7-a396-1cc0bc9c7440,https://rca.alaska.gov/RCAWeb/Entity/EntityDetails.aspx?id=74d72a95-07b7-4971-b915-e7071a2041b3
280,CPCN,INN,"I-N-N Electric Cooperative, Inc.",Electric,Active,https://rca.alaska.gov/RCAWeb/Certificate/CertificateDetails.aspx?id=523f804c-a1a3-45e4-a79d-c85d8594a13d,https://rca.alaska.gov/RCAWeb/Entity/EntityDetails.aspx?id=a1ee9c7d-64ea-4e99-8a6a-7b4f824ccc98
281,CPCN,KK,"Kwethluk, Inc. d/b/a Kuiggluum Kallugvia",Electric,Active,https://rca.alaska.gov/RCAWeb/Certificate/CertificateDetails.aspx?id=610f8034-ae3a-4b2b-abab-dfb6b4573311,https://rca.alaska.gov/RCAWeb/Entity/EntityDetails.aspx?id=6d52df0e-81b2-4dcc-bd03-56ac5b84919c
285,CPCN,KOTLIK,City of Kotlik,Electric,Inactive,https://rca.alaska.gov/RCAWeb/Certificate/CertificateDetails.aspx?id=0fb28645-a9a6-4b01-b399-468c1980d2b2,https://rca.alaska.gov/RCAWeb/Entity/EntityDetails.aspx?id=b688f956-3ad9-4c43-a033-9b1dbaf9d7db
289,CPCN,KING COVE,City of King Cove,Electric,Active,https://rca.alaska.gov/RCAWeb/Certificate/CertificateDetails.aspx?id=dbee72a6-173b-46ff-bc7e-b441b4a489df,https://rca.alaska.gov/RCAWeb/Entity/EntityDetails.aspx?id=443bed39-ad81-48ea-b228-fdf4bc5ad372
291,CPCN,Atka,CITY OF ATKA,Electric,Active,https://rca.alaska.gov/RCAWeb/Certificate/CertificateDetails.aspx?id=c3819f9e-3a8f-44ba-a69c-be2615eff03f,https://rca.alaska.gov/RCAWeb/Entity/EntityDetails.aspx?id=9ed670bc-206b-4ae4-946a-97e85dca1290
293,CPCN,AKUTAN,City of Akutan,Electric,Active,https://rca.alaska.gov/RCAWeb/Certificate/CertificateDetails.aspx?id=70ae6c82-927c-424d-a918-bbb26a4cb250,https://rca.alaska.gov/RCAWeb/Entity/EntityDetails.aspx?id=428ba580-52bc-4ef3-ac4b-6ec7fec2e8b7
297,CPCN,CHIGNIK,City of Chignik,Electric,Active,https://rca.alaska.gov/RCAWeb/Certificate/CertificateDetails.aspx?id=e4032aa9-d9d6-4bde-b10f-4e2e2e662903,https://rca.alaska.gov/RCAWeb/Entity/EntityDetails.aspx?id=578c3e61-4a44-4602-abd5-111866c5c5a8
298,CPCN,THORNE BAY,City of Thorne Bay,Electric,Inactive,https://rca.alaska.gov/RCAWeb/Certificate/CertificateDetails.aspx?id=c69183d5-15d3-49a4-8a6f-e8c7cc76f92e,https://rca.alaska.gov/RCAWeb/Entity/EntityDetails.aspx?id=851a7483-c223-4f94-a0bf-779165df569e
319,CPCN,NIPC,Napakiak Ircinraq Power Company,Electric,Active,https://rca.alaska.gov/RCAWeb/Certificate/CertificateDetails.aspx?id=ed50712d-cd8b-413d-8bde-59541a1ed9e7,https://rca.alaska.gov/RCAWeb/Entity/EntityDetails.aspx?id=6538c1f0-8563-4334-b902-04abd3c43599
320,CPCN,EGEGIK,City of Egegik - Electric,Electric,Active,https://rca.alaska.gov/RCAWeb/Certificate/CertificateDetails.aspx?id=804c3f13-1df8-4ffb-b10d-f0fa6fb0d7d1,https://rca.alaska.gov/RCAWeb/Entity/EntityDetails.aspx?id=b9707168-641d-4a66-9a62-12f9e63fd2e8
321,CPCN,MPC,Manokotak Power Company,Electric,Active,https://rca.alaska.gov/RCAWeb/Certificate/CertificateDetails.aspx?id=11a781cd-a3f3-4d95-b0b9-26c543c4c72c,https://rca.alaska.gov/RCAWeb/Entity/EntityDetails.aspx?id=e1a7a41a-b18f-46ae-82a7-68eeb38a2e8e
330,CPCN,LECI,"Levelock Electric Cooperative, Inc.",Electric,Active,https://rca.alaska.gov/RCAWeb/Certificate/CertificateDetails.aspx?id=a8201bc6-1674-44f8-9b76-557932d05f63,https://rca.alaska.gov/RCAWeb/Entity/EntityDetails.aspx?id=8bf71170-736d-4598-9447-6cdc59f32456
332,CPCN,HPLC,Hughes Power & Light Company,Electric,Active,https://rca.alaska.gov/RCAWeb/Certificate/CertificateDetails.aspx?id=f9257085-6b0d-4121-a3bd-5a96acf6ac4f,https://rca.alaska.gov/RCAWeb/Entity/EntityDetails.aspx?id=29825ed2-268a-4c85-bba6-c41aa2079930
335,CPCN,EPCI,"EAGLE POWER COMPANY, INC.;RALPH E. HELMER D/B/A",Electric,Inactive,https://rca.alaska.gov/RCAWeb/Certificate/CertificateDetails.aspx?id=f2fb8dd2-eb2e-4e6e-a349-6f53603b6bfe,https://rca.alaska.gov/RCAWeb/Entity/EntityDetails.aspx?id=7856ea62-c453-426f-8967-c6f0864a4474
337,CPCN,AJU,Atmautluak Joint Utilities,Electric,Active,https://rca.alaska.gov/RCAWeb/Certificate/CertificateDetails.aspx?id=59f22c14-5137-484d-b85a-1e3bdc37157a,https://rca.alaska.gov/RCAWeb/Entity/EntityDetails.aspx?id=681eb8e4-3c5c-40f3-838e-0144e921c075
339,CPCN,ST. PAUL,City of St. Paul-Electric Service,Electric,Active,https://rca.alaska.gov/RCAWeb/Certificate/CertificateDetails.aspx?id=81613f1e-b99c-4f2d-8eb9-0e1c908917ce,https://rca.alaska.gov/RCAWeb/Entity/EntityDetails.aspx?id=a75790c4-f5c9-4f28-8e72-0329d0e2af5f
340,CPCN,NLECI,"Nelson Lagoon Electric Cooperative, Inc.",Electric,Active,https://rca.alaska.gov/RCAWeb/Certificate/CertificateDetails.aspx?id=cbe0d669-3cae-4b2a-9843-e41fa03f2fed,https://rca.alaska.gov/RCAWeb/Entity/EntityDetails.aspx?id=c27385d0-ee58-491d-b491-5b25a38f0c70
341,CPCN,GCE,"Richard Symons, Jr. and Sheila Symons d/b/a Gold Country Energy",Electric,Active,https://rca.alaska.gov/RCAWeb/Certificate/CertificateDetails.aspx?id=09d9a64e-0343-46f6-9fab-b62092f89104,https://rca.alaska.gov/RCAWeb/Entity/EntityDetails.aspx?id=a6a433ec-36af-46ad-99df-66cccb853c03
343,CPCN,MKEC,"Middle Kuskokwim Electric Cooperative, Inc.",Electric,Active,https://rca.alaska.gov/RCAWeb/Certificate/CertificateDetails.aspx?id=3d77c29f-71ae-436c-b80e-5296a33c535b,https://rca.alaska.gov/RCAWeb/Entity/EntityDetails.aspx?id=39a7226a-4aac-44fa-a99d-280c8f2d07c4
344,CPCN,TCSA,"Tuntutuliak Community Services Association, Inc.",Electric,Active,https://rca.alaska.gov/RCAWeb/Certificate/CertificateDetails.aspx?id=8921ab2b-0dec-471b-a2c2-b7ac7c3a5df5,https://rca.alaska.gov/RCAWeb/Entity/EntityDetails.aspx?id=61432f21-1096-4a9a-8eae-2cdb36034733
345,CPCN,AEG&T,"Alaska Electric Generation & Transmission Cooperative, Inc.",Electric,Active,https://rca.alaska.gov/RCAWeb/Certificate/CertificateDetails.aspx?id=669b5cb5-3442-4179-b995-2db53cb1d900,https://rca.alaska.gov/RCAWeb/Entity/EntityDetails.aspx?id=97b338b6-460e-4f8d-8d8d-1b60fac2e98b
353,CPCN,LARSEN BAY,City of Larsen Bay,Electric,Active,https://rca.alaska.gov/RCAWeb/Certificate/CertificateDetails.aspx?id=54dabee0-b7f9-4425-9a7b-a9f22854ea2a,https://rca.alaska.gov/RCAWeb/Entity/EntityDetails.aspx?id=a59cf7df-89f9-4190-9bce-b6267d873cc3
357,CPCN,OUZINKIE,City of Ouzinkie,Electric,Active,https://rca.alaska.gov/RCAWeb/Certificate/CertificateDetails.aspx?id=b811c925-4f2e-45bb-a4e7-73859726abde,https://rca.alaska.gov/RCAWeb/Entity/EntityDetails.aspx?id=7b4726f2-b3a7-47ac-a1a9-9e61fcf63666
360,CPCN,City of Clarks Point,City of Clarks Point d/b/a Clarks Point Electric Utility,Electric,Active,https://rca.alaska.gov/RCAWeb/Certificate/CertificateDetails.aspx?id=05b0aed7-413e-4749-9e94-324a0749b958,https://rca.alaska.gov/RCAWeb/Entity/EntityDetails.aspx?id=0bea6be5-110e-442f-ae58-0188a02c42d1
363,CPCN,TENAKEE,City of Tenakee Springs d/b/a Tenakee Springs Electric Utility Department,Electric,Active,https://rca.alaska.gov/RCAWeb/Certificate/CertificateDetails.aspx?id=0f6336c5-115e-41b9-9841-dd5a37833a74,https://rca.alaska.gov/RCAWeb/Entity/EntityDetails.aspx?id=92fd2722-dc34-43f4-9e2f-e098dfab1730
364,CPCN,RUBY,City of Ruby,Electric,Active,https://rca.alaska.gov/RCAWeb/Certificate/CertificateDetails.aspx?id=d4e7e1e8-27fe-4ba2-9851-41533d6b49f4,https://rca.alaska.gov/RCAWeb/Entity/EntityDetails.aspx?id=6bb94546-f1c8-4861-b367-3b930096248c
365,CPCN,NATERKAQ,Naterkaq Light Plant,Electric,Active,https://rca.alaska.gov/RCAWeb/Certificate/CertificateDetails.aspx?id=179e1151-813a-4db4-864c-96ffa67e43a3,https://rca.alaska.gov/RCAWeb/Entity/EntityDetails.aspx?id=2a0b3598-8470-4359-b365-84da16dce5ea
368,CPCN,CEI,"Chitina Electric, Inc.",Electric,Active,https://rca.alaska.gov/RCAWeb/Certificate/CertificateDetails.aspx?id=facb8b88-6ec2-42ea-b62c-6c4534728af2,https://rca.alaska.gov/RCAWeb/Entity/EntityDetails.aspx?id=03eccd17-dffb-4652-8ebb-81f09f3cd9dc
369,CPCN,IEC,Ipnatchiaq Electric Company,Electric,Active,https://rca.alaska.gov/RCAWeb/Certificate/CertificateDetails.aspx?id=0d21b30a-c9c0-4bb9-b997-49bbd2ef4784,https://rca.alaska.gov/RCAWeb/Entity/EntityDetails.aspx?id=89437249-28fb-4f28-b331-fb252861023a
373,CPCN,GOLOVIN,City of Golovin,Electric,Active,https://rca.alaska.gov/RCAWeb/Certificate/CertificateDetails.aspx?id=ab1e5c98-1400-4d42-ae54-fd32f9ec32d6,https://rca.alaska.gov/RCAWeb/Entity/EntityDetails.aspx?id=ad7b82b2-67ba-4161-b842-3d97e8edb5a9
375,CPCN,UPC,Ungusraq Power Company,Electric,Active,https://rca.alaska.gov/RCAWeb/Certificate/CertificateDetails.aspx?id=f0a2b2fa-d7f7-4def-86da-8f6c5d80dd13,https://rca.alaska.gov/RCAWeb/Entity/EntityDetails.aspx?id=5ec7d14b-88bd-413a-a5f4-e10ab677b4d1
376,CPCN,KWIG,Kwig Power Company,Electric,Active,https://rca.alaska.gov/RCAWeb/Certificate/CertificateDetails.aspx?id=3a290e6e-e659-4b2a-808c-508f622663a5,https://rca.alaska.gov/RCAWeb/Entity/EntityDetails.aspx?id=b0d132a1-650b-46bf-aa1b-d3426091c45e
377,CPCN,TBPA,Thomas Bay Power Authority,Electric,Inactive,https://rca.alaska.gov/RCAWeb/Certificate/CertificateDetails.aspx?id=738947b9-dd4d-4267-9245-3f6479425613,https://rca.alaska.gov/RCAWeb/Entity/EntityDetails.aspx?id=8976723c-dc53-4f01-936d-5c8072f28f79
383,CPCN,City of Diomede,City of Diomede,Electric,Active,https://rca.alaska.gov/RCAWeb/Certificate/CertificateDetails.aspx?id=bae23c39-8b86-442e-b461-457694780a90,https://rca.alaska.gov/RCAWeb/Entity/EntityDetails.aspx?id=11a5aad5-02e5-45e3-8a56-66c4f0202ac8
388,CPCN,KATMAI,KATMAI HYDRO,Electric,Inactive,https://rca.alaska.gov/RCAWeb/Certificate/CertificateDetails.aspx?id=cdb4e565-d042-4501-b462-ad430faa39f7,https://rca.alaska.gov/RCAWeb/Entity/EntityDetails.aspx?id=4e512b7d-62a4-4f5c-83a3-508ef2d10722
390,CPCN,ACES,ALLAKAKET CITY ENERGY SYSTEMS;CITY OF ALLAKAKET D/B/A,Electric,Inactive,https://rca.alaska.gov/RCAWeb/Certificate/CertificateDetails.aspx?id=628099b9-bd24-47bd-9140-d4c67eabeeb8,https://rca.alaska.gov/RCAWeb/Entity/EntityDetails.aspx?id=22c13e7e-a179-4724-b8ac-8de1e98f392a
394,CPCN,TAKOTNA,"Takotna Community Association, Inc.",Electric,Active,https://rca.alaska.gov/RCAWeb/Certificate/CertificateDetails.aspx?id=4c1ad55f-e514-4bd0-b251-a9f44519491e,https://rca.alaska.gov/RCAWeb/Entity/EntityDetails.aspx?id=52d54f5c-a907-4735-b568-7f06df632e93
395,CPCN,PPC,Puvurnaq Power Company,Electric,Active,https://rca.alaska.gov/RCAWeb/Certificate/CertificateDetails.aspx?id=a69cc2d1-8f42-47b6-ae64-5f17384c8955,https://rca.alaska.gov/RCAWeb/Entity/EntityDetails.aspx?id=408dc617-3534-41ce-898f-1d5d42e0b0b0
399,CPCN,PORT HEIDE,City of Port Heiden,Electric,Active,https://rca.alaska.gov/RCAWeb/Certificate/CertificateDetails.aspx?id=07dc9b4f-0a01-4ccc-b40b-0fdfd5bfb690,https://rca.alaska.gov/RCAWeb/Entity/EntityDetails.aspx?id=14a4f24d-17d4-43dd-9e17-682ddaf77ceb
407,CPCN,KOBUK,City of Kobuk,Electric,Inactive,https://rca.alaska.gov/RCAWeb/Certificate/CertificateDetails.aspx?id=d1a9c2ca-e0e4-4bb0-90ef-d847c3941d90,https://rca.alaska.gov/RCAWeb/Entity/EntityDetails.aspx?id=e85b3a2d-2f8c-451f-be85-7d581a6fcfd3
408,CPCN,SHELDON,City of Nunam Iqua d/b/a Nunam Iqua Electric Company,Electric,Active,https://rca.alaska.gov/RCAWeb/Certificate/CertificateDetails.aspx?id=f9928fbc-84f2-4737-91e0-f3baaac240ca,https://rca.alaska.gov/RCAWeb/Entity/EntityDetails.aspx?id=b603a560-3a4e-4ff3-8669-7ba8d2c5d7d5
409,CPCN,WHITE MOUN,City of White Mountain,Electric,Active,https://rca.alaska.gov/RCAWeb/Certificate/CertificateDetails.aspx?id=323d185a-6dc3-41ab-90c5-417cf8a399f8,https://rca.alaska.gov/RCAWeb/Entity/EntityDetails.aspx?id=bde5018b-f558-432a-8c33-e97e116391d2
410,CPCN,ST. GEORGE,City of St. George,Electric,Active,https://rca.alaska.gov/RCAWeb/Certificate/CertificateDetails.aspx?id=875da23d-62bc-4d96-a768-dfc64d4fffa7,https://rca.alaska.gov/RCAWeb/Entity/EntityDetails.aspx?id=ca41460a-2ffd-4f77-b585-2be41b1a2648
412,CPCN,ANCEC,Akiachak Native Community Electric Company,Electric,Active,https://rca.alaska.gov/RCAWeb/Certificate/CertificateDetails.aspx?id=c8121654-d8dc-4614-83ed-a634505e9f17,https://rca.alaska.gov/RCAWeb/Entity/EntityDetails.aspx?id=3828a86d-46fc-43dc-a86b-47ea645a5024
416,CPCN,NIKOLAI,City of Nikolai d/b/a Nikolai Light & Power,Electric,Active,https://rca.alaska.gov/RCAWeb/Certificate/CertificateDetails.aspx?id=b5d194e3-d4b4-4be5-b1b7-dc64e9f334bd,https://rca.alaska.gov/RCAWeb/Entity/EntityDetails.aspx?id=de11ebb2-0b8a-4ae0-8d3b-c5f021a65ab3
417,CPCN,GECI,"GUSTAVUS ELECTRIC COMPANY, INC.",Electric,Inactive,https://rca.alaska.gov/RCAWeb/Certificate/CertificateDetails.aspx?id=bcddf285-4e63-44b4-9aa0-5e6daea299a3,https://rca.alaska.gov/RCAWeb/Entity/EntityDetails.aspx?id=fb5205cd-5e0d-47d1-bf8b-1fd2a39c8a82
418,CPCN,CCUA,"COFFMAN COVE UTILITIES ASSOCIATION, INC. ALASKA POWER COMPANY",Electric,Inactive,https://rca.alaska.gov/RCAWeb/Certificate/CertificateDetails.aspx?id=03fd67aa-98f1-41fe-ac4e-552fe5f9bff9,https://rca.alaska.gov/RCAWeb/Entity/EntityDetails.aspx?id=8ee7e1d2-b6ba-4be2-9886-c018d06f4ed4
420,CPCN,BEAVER,Beaver Village Electrical Utility,Electric,Active,https://rca.alaska.gov/RCAWeb/Certificate/CertificateDetails.aspx?id=218aca93-b53a-47fe-8c76-0793801db9a9,https://rca.alaska.gov/RCAWeb/Entity/EntityDetails.aspx?id=496d39c4-847f-47fd-a630-c97f91417b85
421,CPCN,NIGHTMUTE,NIGHTMUTE POWER PLANT,Electric,Inactive,https://rca.alaska.gov/RCAWeb/Certificate/CertificateDetails.aspx?id=dabdba5d-bbf8-4e26-bcce-3301c184043e,https://rca.alaska.gov/RCAWeb/Entity/EntityDetails.aspx?id=6e9ab33b-acd4-494c-9058-4589c14819f5
425,CPCN,PILOT,City of Pilot Point,Electric,Active,https://rca.alaska.gov/RCAWeb/Certificate/CertificateDetails.aspx?id=536a947b-aa60-4db3-b438-5496afe77c48,https://rca.alaska.gov/RCAWeb/Entity/EntityDetails.aspx?id=6616cf23-8974-48ff-af49-4fb6377734d6
432,CPCN,BUCKLAND,City of Buckland,Electric,Active,https://rca.alaska.gov/RCAWeb/Certificate/CertificateDetails.aspx?id=e2e91127-8bc7-4310-b83e-a0ce788665e2,https://rca.alaska.gov/RCAWeb/Entity/EntityDetails.aspx?id=f2a061a7-746e-4ecf-9219-5c5f19d1ba38
437,CPCN,CLEU,"Chignik Lake Electric Utility, Inc.",Electric,Active,https://rca.alaska.gov/RCAWeb/Certificate/CertificateDetails.aspx?id=9e833cc1-4d8c-40e9-8c10-9763c147aabf,https://rca.alaska.gov/RCAWeb/Entity/EntityDetails.aspx?id=28a51505-c48e-4529-ba04-dc2974abaab7
442,CPCN,FALSE PASS,City of False Pass,Electric,Active,https://rca.alaska.gov/RCAWeb/Certificate/CertificateDetails.aspx?id=b4e9c0e6-5f32-40b8-a2b5-a566966f6cd1,https://rca.alaska.gov/RCAWeb/Entity/EntityDetails.aspx?id=b6c2afdc-4fd8-4262-ab64-e1bd8d373901
446,CPCN,KIPNUK,Kipnuk Light Plant,Electric,Active,https://rca.alaska.gov/RCAWeb/Certificate/CertificateDetails.aspx?id=4ae79090-8852-4497-8807-4dbf63c6d0e1,https://rca.alaska.gov/RCAWeb/Entity/EntityDetails.aspx?id=4cae46f6-1465-4538-9f98-256ac636824f
447,CPCN,TECI,"Tanalian Electric Cooperative, Inc.",Electric,Active,https://rca.alaska.gov/RCAWeb/Certificate/CertificateDetails.aspx?id=3bcc1d2a-b255-4d3f-98c2-0aaafccbeca1,https://rca.alaska.gov/RCAWeb/Entity/EntityDetails.aspx?id=9982019a-1431-4a95-9d2e-b62455609b71
449,CPCN,AKHIOK,City of Akhiok,Electric,Active,https://rca.alaska.gov/RCAWeb/Certificate/CertificateDetails.aspx?id=f67f09aa-a74e-49f6-b4ed-031575d6d154,https://rca.alaska.gov/RCAWeb/Entity/EntityDetails.aspx?id=75d9c9a4-5b66-4680-92c4-4f424f344385
520,CPCN,AURORA,"Aurora Energy, LLC",Electric,Active,https://rca.alaska.gov/RCAWeb/Certificate/CertificateDetails.aspx?id=46535813-c48f-4949-895e-dc74a9884e55,https://rca.alaska.gov/RCAWeb/Entity/EntityDetails.aspx?id=40704e63-057f-41d6-a505-b4acb9f01985
521,CPCN,GLH,"GOAT LAKE HYDRO, INC.",Electric,Active,https://rca.alaska.gov/RCAWeb/Certificate/CertificateDetails.aspx?id=aea1683c-6f0b-40ed-a694-a7b42765f612,https://rca.alaska.gov/RCAWeb/Entity/EntityDetails.aspx?id=caa110eb-ed0f-4d24-a95b-867ccbd47867
523,CPCN,AIDEA,Alaska Industrial Development & Export Authority,Electric,Active,https://rca.alaska.gov/RCAWeb/Certificate/CertificateDetails.aspx?id=964170c8-9167-4a03-a63c-f99eb4fcd0d3,https://rca.alaska.gov/RCAWeb/Entity/EntityDetails.aspx?id=ec5826c0-95f0-45f9-aa6d-e52090345957
549,CPCN,AIDEA,Alaska Industrial Development & Export Authority,Electric,Active,https://rca.alaska.gov/RCAWeb/Certificate/CertificateDetails.aspx?id=7d440724-5db6-4b09-ae5d-1e4f0130235a,https://rca.alaska.gov/RCAWeb/Entity/EntityDetails.aspx?id=ec5826c0-95f0-45f9-aa6d-e52090345957
570,CPCN,LVTC,Lime Village Traditional Council,Electric,Active,https://rca.alaska.gov/RCAWeb/Certificate/CertificateDetails.aspx?id=a5cbac96-cdd2-44c1-926c-7ec7bde87f24,https://rca.alaska.gov/RCAWeb/Entity/EntityDetails.aspx?id=7b1dbc58-7312-4408-9e36-4676f1066678
573,CPCN,BBL,"BBL HYDRO, INC.",Electric,Active,https://rca.alaska.gov/RCAWeb/Certificate/CertificateDetails.aspx?id=afcdba35-5998-43df-9274-388ce697ce90,https://rca.alaska.gov/RCAWeb/Entity/EntityDetails.aspx?id=7a4b5c94-3e14-42b5-882c-a71b39e6084d
586,CPCN,TATITLEK,Tatitlek Village IRA Council d/b/a Tatitlek Electric Utility,Electric,Active,https://rca.alaska.gov/RCAWeb/Certificate/CertificateDetails.aspx?id=ff3f15ed-b1a8-4ada-8c42-f765739e8223,https://rca.alaska.gov/RCAWeb/Entity/EntityDetails.aspx?id=c9da7b70-9067-4969-942e-f8ac21408326
625,CPCN,NAPASKIAK,Napaskiak Electric Utility,Electric,Active,https://rca.alaska.gov/RCAWeb/Certificate/CertificateDetails.aspx?id=5953e527-1795-40c1-93db-ae02b065eeec,https://rca.alaska.gov/RCAWeb/Entity/EntityDetails.aspx?id=e009e102-3d71-4a33-858a-172bc930b6d4
635,CPCN,AKIAK,Akiak Power Utilities,Electric,Active,https://rca.alaska.gov/RCAWeb/Certificate/CertificateDetails.aspx?id=3775b9fe-c315-42fc-9934-90544a0655fd,https://rca.alaska.gov/RCAWeb/Entity/EntityDetails.aspx?id=7bb3ebd8-5c57-4499-b867-18a6ac32fb45
640,CPCN,AEECI,"Alaska Electric and Energy Cooperative, Inc.",Electric,Active,https://rca.alaska.gov/RCAWeb/Certificate/CertificateDetails.aspx?id=74d888c9-f254-4d62-a3e0-29b08777e549,https://rca.alaska.gov/RCAWeb/Entity/EntityDetails.aspx?id=320ebdc8-68ab-41d6-a75c-bf3e42020e0b
658,CPCN,CLPU,Chignik Lagoon Power Utility,Electric,Active,https://rca.alaska.gov/RCAWeb/Certificate/CertificateDetails.aspx?id=ae88947f-6245-4ee6-ba62-ac00baee2150,https://rca.alaska.gov/RCAWeb/Entity/EntityDetails.aspx?id=fb363c61-709d-4ed8-8d2b-4b084698dfa5
659,CPCN,PERRYVILLE,Native Village of Perryville,Electric,Active,https://rca.alaska.gov/RCAWeb/Certificate/CertificateDetails.aspx?id=554ea041-ee3d-426e-ab0c-2bf17b5d6100,https://rca.alaska.gov/RCAWeb/Entity/EntityDetails.aspx?id=979b6f9e-40c2-4b92-98cf-2725e87dae86
660,CPCN,KOKHANOK,Kokhanok Electric Utility,Electric,Active,https://rca.alaska.gov/RCAWeb/Certificate/CertificateDetails.aspx?id=5efdac3b-509b-4a28-9bd5-5ef8527c0f36,https://rca.alaska.gov/RCAWeb/Entity/EntityDetails.aspx?id=f5f39265-b167-4044-8a98-93f68a42ac11
661,CPCN,KOLIGANEK,Koliganek Village Council Electric,Electric,Active,https://rca.alaska.gov/RCAWeb/Certificate/CertificateDetails.aspx?id=939699b8-1a4d-49bb-b624-b8da36bc3166,https://rca.alaska.gov/RCAWeb/Entity/EntityDetails.aspx?id=422b9d10-5b56-46d8-86d5-92e7cf162010
662,CPCN,PEDRO BAY,Pedro Bay Village Electric Utility,Electric,Active,https://rca.alaska.gov/RCAWeb/Certificate/CertificateDetails.aspx?id=986ab776-01da-4e45-86c3-0a44f51358ef,https://rca.alaska.gov/RCAWeb/Entity/EntityDetails.aspx?id=f042ae85-dd2e-4c59-8ded-a9870427e41d
663,CPCN,VENETIE,VILLAGE OF VENETIE,Electric,Active,https://rca.alaska.gov/RCAWeb/Certificate/CertificateDetails.aspx?id=18a49c96-e89a-41f3-80fb-65d9bdedf7cd,https://rca.alaska.gov/RCAWeb/Entity/EntityDetails.aspx?id=dab0bd8f-09fb-4fc8-93c6-e9ccd57304e2
664,CPCN,TULUKSAK,Tuluksak Traditional Power Utility,Electric,Active,https://rca.alaska.gov/RCAWeb/Certificate/CertificateDetails.aspx?id=8d864cb4-8b23-4607-b53e-0ecae49851bb,https://rca.alaska.gov/RCAWeb/Entity/EntityDetails.aspx?id=95173e3f-14cf-47d3-bbdd-12c00e71ed14
681,CPCN,Igiugig Electric Company,Igiugig Electric Company,Electric,Active,https://rca.alaska.gov/RCAWeb/Certificate/CertificateDetails.aspx?id=4004fce4-5eff-4e2d-a40d-de537e9f4fff,https://rca.alaska.gov/RCAWeb/Entity/EntityDetails.aspx?id=e6ca34a5-a098-421d-9264-1c873caecc1a
682,CPCN,CHALKYITSIK,Chalkyitsik Village Energy System,Electric,Active,https://rca.alaska.gov/RCAWeb/Certificate/CertificateDetails.aspx?id=7919adbf-81df-437a-a5b4-32f8485ae5ae,https://rca.alaska.gov/RCAWeb/Entity/EntityDetails.aspx?id=77d7d811-d20c-403f-9af1-214d50feef15
683,CPCN,ALUTIIQ,Alutiiq Power Company,Electric,Active,https://rca.alaska.gov/RCAWeb/Certificate/CertificateDetails.aspx?id=e93880cc-847c-4232-9af1-be919326dd6f,https://rca.alaska.gov/RCAWeb/Entity/EntityDetails.aspx?id=4cb16f27-481a-478b-a326-b837a1cb923d
684,CPCN,TAG,"TDX Adak Generating, LLC",Electric,Active,https://rca.alaska.gov/RCAWeb/Certificate/CertificateDetails.aspx?id=6d5f6d02-5f39-4dd5-bf30-7c0f60b81db2,https://rca.alaska.gov/RCAWeb/Entity/EntityDetails.aspx?id=2565d139-3e7b-43cf-973a-680a7d9668c0
686,CPCN,CBE,Chenega Bay IRA Village Council d/b/a Chenega Electrical,Electric,Active,https://rca.alaska.gov/RCAWeb/Certificate/CertificateDetails.aspx?id=0ca82093-5ede-46dd-bca6-e1a90e37ed15,https://rca.alaska.gov/RCAWeb/Entity/EntityDetails.aspx?id=60051614-f4f1-4802-a7a4-c4b2af2c9a2b
687,CPCN,KOYUKUK,City of Koyukuk,Electric,Active,https://rca.alaska.gov/RCAWeb/Certificate/CertificateDetails.aspx?id=a4d52d54-8efc-44f0-9987-0c5b37850e7f,https://rca.alaska.gov/RCAWeb/Entity/EntityDetails.aspx?id=04c909d6-2cac-42af-aebc-b3d3b06988cd
688,CPCN,Ekwok,EKWOK ELECTRIC COMPANY;CITY OF EKWOK D/B/A,Electric,Inactive,https://rca.alaska.gov/RCAWeb/Certificate/CertificateDetails.aspx?id=fae7e833-4ffe-4da2-933f-01e4606a8434,https://rca.alaska.gov/RCAWeb/Entity/EntityDetails.aspx?id=7510dfa7-8c57-4c8d-9f27-863487cafbc4
701,CPCN,ELFIN COVE,"Elfin Cove Utility Company, Elfin Cove Community Council d/b/a",Electric,Active,https://rca.alaska.gov/RCAWeb/Certificate/CertificateDetails.aspx?id=7a0c9013-bfd5-4bc8-9b39-d7d6ad9b1c6c,https://rca.alaska.gov/RCAWeb/Entity/EntityDetails.aspx?id=f800d2f9-c8ae-45a7-acfb-b88c1d1fb3ba
704,CPCN,CHENA,CHENA POWER COMPANY,Electric,Active,https://rca.alaska.gov/RCAWeb/Certificate/CertificateDetails.aspx?id=fbf9ead6-c81c-42fd-be6d-42e4e7ae03ab,https://rca.alaska.gov/RCAWeb/Entity/EntityDetails.aspx?id=0e9528c9-8f0e-4f09-9a62-2ae3c99f6759
709,CPCN,STEVENS,Stevens Village IRA d/b/a Stevens Village Energy Systems,Electric,Active,https://rca.alaska.gov/RCAWeb/Certificate/CertificateDetails.aspx?id=52c7b78a-ed52-4fd1-95aa-d18752a9274c,https://rca.alaska.gov/RCAWeb/Entity/EntityDetails.aspx?id=d78abc63-664a-4b59-b627-538984eb9571
710,CPCN,KWETICO,"KWAAN ELECTRIC TRANSMISSION INTERTIE COOPERATIVE, INC.",Electric,Active,https://rca.alaska.gov/RCAWeb/Certificate/CertificateDetails.aspx?id=f77efeb1-9058-428f-9e15-288d91903f03,https://rca.alaska.gov/RCAWeb/Entity/EntityDetails.aspx?id=37cf5c52-5c2f-4995-8dbd-be13ed6f3451
720,CPCN,DU,"DOYON UTILITIES, LLC - ELECTRIC UTILITY - FORT GREELY",Electric,Active,https://rca.alaska.gov/RCAWeb/Certificate/CertificateDetails.aspx?id=50f25748-3b3b-4900-bf16-7eaf22450a1f,https://rca.alaska.gov/RCAWeb/Entity/EntityDetails.aspx?id=6ca41c65-f4fa-4f5e-9cca-4cedd29a0cf8
724,CPCN,DU,"DOYON UTILITIES, LLC - ELECTRIC UTILITY - FORT RICHARDSON",Electric,Active,https://rca.alaska.gov/RCAWeb/Certificate/CertificateDetails.aspx?id=ecf96590-0eb9-4a95-9b52-b369947b24a5,https://rca.alaska.gov/RCAWeb/Entity/EntityDetails.aspx?id=6ca41c65-f4fa-4f5e-9cca-4cedd29a0cf8
726,CPCN,DU,"DOYON UTILITIES, LLC - ELECTRIC UTILITY - FORT WAINWRIGHT",Electric,Active,https://rca.alaska.gov/RCAWeb/Certificate/CertificateDetails.aspx?id=c89cf393-1bf6-483d-a777-e9af4b204710,https://rca.alaska.gov/RCAWeb/Entity/EntityDetails.aspx?id=6ca41c65-f4fa-4f5e-9cca-4cedd29a0cf8
729,CPCN,TWIN HILLS,TWIN HILLS VILLAGE COUNCIL,Electric,Inactive,https://rca.alaska.gov/RCAWeb/Certificate/CertificateDetails.aspx?id=1e1775e6-7625-49e1-a7d1-419b5db6ee59,https://rca.alaska.gov/RCAWeb/Entity/EntityDetails.aspx?id=611997a2-00e6-4327-88d6-5d2d50848756
735,CPCN,AWE,"Aleutian Wind Energy, LLC",Electric,Active,https://rca.alaska.gov/RCAWeb/Certificate/CertificateDetails.aspx?id=7b042982-9c9f-47f5-994a-0ef995811197,https://rca.alaska.gov/RCAWeb/Entity/EntityDetails.aspx?id=28cf833e-c8d0-4840-a243-a31a1abf5c29
741,CPCN,UVEC,"Unalakleet Valley Electric Cooperative, Inc.",Electric,Active,https://rca.alaska.gov/RCAWeb/Certificate/CertificateDetails.aspx?id=a66cfdf0-9abb-46ad-85a2-0cbc6082a320,https://rca.alaska.gov/RCAWeb/Entity/EntityDetails.aspx?id=7f6fdfb0-356a-428c-9e7f-a3389b2a614b
742,CPCN,AEP,"Alaska Environmental Power, LLC (Wholesale Electric)",Electric,Active,https://rca.alaska.gov/RCAWeb/Certificate/CertificateDetails.aspx?id=23323c8e-1f30-41e6-9a5d-366bd0f22512,https://rca.alaska.gov/RCAWeb/Entity/EntityDetails.aspx?id=f5402adb-de25-4951-8e3e-4949718ef24d
747,CPCN,ARCTIC,Arctic Village Council d/b/a Arctic Village Electric,Electric,Active,https://rca.alaska.gov/RCAWeb/Certificate/CertificateDetails.aspx?id=1c785b03-01bd-49d5-b6ac-338912e60fcc,https://rca.alaska.gov/RCAWeb/Entity/EntityDetails.aspx?id=93b5173b-374f-4dd3-bf67-894e8b48a158
748,CPCN,KODIAK,City of Kodiak,Electric,Active,https://rca.alaska.gov/RCAWeb/Certificate/CertificateDetails.aspx?id=728b8f57-181e-4376-bef9-6f1598ca6707,https://rca.alaska.gov/RCAWeb/Entity/EntityDetails.aspx?id=47e9d86a-2758-4d22-99a8-e8e1acec9af5
749,CPCN,TDX St. Paul,"TDX St. Paul Wind, LLC",Electric,Active,https://rca.alaska.gov/RCAWeb/Certificate/CertificateDetails.aspx?id=9177fd5e-4ec3-42e0-bde6-a7d38ec83b79,https://rca.alaska.gov/RCAWeb/Entity/EntityDetails.aspx?id=9076bc6a-7bd8-4986-9f80-4e4f08a2291a
759,CPCN,RAMPART,Rampart Village Council d/b/a Rampart Electric Company,Electric,Active,https://rca.alaska.gov/RCAWeb/Certificate/CertificateDetails.aspx?id=c55fc138-47a2-4071-890c-6530369f0ed2,https://rca.alaska.gov/RCAWeb/Entity/EntityDetails.aspx?id=0ac222ef-3221-4d8d-a020-b0e9a5bd203c
760,CPCN,"Haida Energy, Inc.","Haida Energy, Inc.",Electric,Active,https://rca.alaska.gov/RCAWeb/Certificate/CertificateDetails.aspx?id=5be8bb16-49b3-4f10-b295-71b989a35636,https://rca.alaska.gov/RCAWeb/Entity/EntityDetails.aspx?id=caf73991-8726-43d1-b5de-cb7e49483c89
765,CPCN,PCC,"Platinum Commercial Company, LLC",Electric,Active,https://rca.alaska.gov/RCAWeb/Certificate/CertificateDetails.aspx?id=4bb748f7-b860-48a6-84ac-aabb55d55687,https://rca.alaska.gov/RCAWeb/Entity/EntityDetails.aspx?id=4c9566d7-fce7-49c8-b50b-6f84b7d3f164
767,CPCN,BIRCH CREEK,Birch Creek Tribal Council d/b/a Birch Creek Electric Company,Electric,Active,https://rca.alaska.gov/RCAWeb/Certificate/CertificateDetails.aspx?id=4e62bf28-fbe6-4949-bbcd-6ab7cffe2668,https://rca.alaska.gov/RCAWeb/Entity/EntityDetails.aspx?id=68185d9b-1dac-4aaa-9955-49c078235652
780,CPCN,AHP,Municipality of Anchorage d/b/a Anchorage Hydropower,Electric,Active,https://rca.alaska.gov/RCAWeb/Certificate/CertificateDetails.aspx?id=2dd62dd8-b3de-40f2-8b9b-b856e4f51e23,https://rca.alaska.gov/RCAWeb/Entity/EntityDetails.aspx?id=d1f591eb-e238-4457-a882-7883bdc063d3
781,CPCN,"Ounalashka Chena Power, LLC","Ounalashka Chena Power, LLC",Electric,Active,https://rca.alaska.gov/RCAWeb/Certificate/CertificateDetails.aspx?id=c79eb1c4-9e40-458e-af75-6366a5cc44f2,https://rca.alaska.gov/RCAWeb/Entity/EntityDetails.aspx?id=dfe92c00-ac77-46fb-acaf-5892db14c468
785,CPCN,"Gustavus Utility Services, Inc","Gustavus Utility Service, Inc.",Electric,Active,https://rca.alaska.gov/RCAWeb/Certificate/CertificateDetails.aspx?id=6c5f9fb8-8b01-4b34-9aff-a43ab643c047,https://rca.alaska.gov/RCAWeb/Entity/EntityDetails.aspx?id=16617b22-71bc-460d-8a4e-9d31b03aefb6
